{
    "ALL": {
        "30-60": {
            "all": {
                "E_LW": 1.0397840396419087,
                "E_NET": 1.014817801023572,
                "E_SW": 1.0425954614081838,
                "E_TCA": 0.6720340959838144,
                "E_ctpt": 1.034570756012336
            },
            "lnd": {
                "E_LW": 0.5636051295741109,
                "E_NET": 0.6282109360989828,
                "E_SW": 0.5885213678972786,
                "E_TCA": 0.28936048164883893,
                "E_ctpt": 0.728108872666596
            },
            "ocn": {
                "E_LW": 0.9786589883237004,
                "E_NET": 0.969112567486495,
                "E_SW": 0.9948534316700443,
                "E_TCA": 0.5079383262731963,
                "E_ctpt": 1.0024612924009977
            },
            "ocn_asc": {},
            "ocn_dsc": {}
        },
        "30-80": {
            "all": {
                "E_LW": 0.9996004366410277,
                "E_NET": 1.0250264833098033,
                "E_SW": 1.0350135654174857,
                "E_TCA": 0.7173542438785658,
                "E_ctpt": 1.1541082166672183
            },
            "lnd": {
                "E_LW": 0.6365077445904521,
                "E_NET": 0.7025457516597378,
                "E_SW": 0.6384578056628347,
                "E_TCA": 0.32818130920475713,
                "E_ctpt": 0.8931414116217798
            },
            "ocn": {
                "E_LW": 0.8859979395308731,
                "E_NET": 0.9480303014647629,
                "E_SW": 0.9494973208849775,
                "E_TCA": 0.48814185524795545,
                "E_ctpt": 1.0523342382863932
            },
            "ocn_asc": {},
            "ocn_dsc": {}
        },
        "40-70": {
            "all": {
                "E_LW": 1.1562843116180845,
                "E_NET": 1.188210619121298,
                "E_SW": 1.2148507964286726,
                "E_TCA": 0.7449056537482561,
                "E_ctpt": 1.281450471764267
            },
            "lnd": {
                "E_LW": 0.6142021048142757,
                "E_NET": 0.6845120285830653,
                "E_SW": 0.6333647771816527,
                "E_TCA": 0.30620238536135497,
                "E_ctpt": 0.8888742024058046
            },
            "ocn": {
                "E_LW": 0.9942083044263721,
                "E_NET": 1.0347600943957187,
                "E_SW": 1.0461551319426872,
                "E_TCA": 0.4540644587738671,
                "E_ctpt": 1.1312740521751752
            },
            "ocn_asc": {},
            "ocn_dsc": {}
        },
        "Arctic": {
            "all": {
                "E_LW": 1.5530537055650195,
                "E_NET": 1.372947757593961,
                "E_SW": 1.4139918835470948,
                "E_TCA": 1.1868821078327816,
                "E_ctpt": 2.010162469160748
            },
            "lnd": {
                "E_LW": 1.1249365331864283,
                "E_NET": 1.1468300429208924,
                "E_SW": 1.10762477546516,
                "E_TCA": 0.4998416637649523,
                "E_ctpt": 1.3287325852308538
            },
            "ocn": {
                "E_LW": 1.3151828366685747,
                "E_NET": 1.2011625738157354,
                "E_SW": 1.2310816142563425,
                "E_TCA": 0.9906561982346027,
                "E_ctpt": 1.8307255873648918
            },
            "ocn_asc": {},
            "ocn_dsc": {}
        },
        "eq30": {
            "all": {
                "E_LW": 0.7065650336346034,
                "E_NET": 0.8056062102396515,
                "E_SW": 0.7803234106496979,
                "E_TCA": 0.7568419323712272,
                "E_ctpt": 0.6942655417995457
            },
            "lnd": {
                "E_LW": 0.6669829702671841,
                "E_NET": 0.8347713287600089,
                "E_SW": 0.7278196416449403,
                "E_TCA": 0.3467133837283238,
                "E_ctpt": 0.671439371129052
            },
            "ocn": {
                "E_LW": 0.6349188714677358,
                "E_NET": 0.7431123961238546,
                "E_SW": 0.7123639022980615,
                "E_TCA": 0.6877162882986732,
                "E_ctpt": 0.6241233280116488
            },
            "ocn_asc": {
                "E_LW": 0.9714431380680467,
                "E_NET": 2.2547639519838936,
                "E_SW": 1.311120873243565,
                "E_TCA": 1.426104134869614,
                "E_ctpt": 1.212260245340522
            },
            "ocn_dsc": {
                "E_LW": 0.6621317054317378,
                "E_NET": 1.1593541862582164,
                "E_SW": 1.0318673570156267,
                "E_TCA": 2.2192109604855816,
                "E_ctpt": 0.8200492980204951
            }
        },
        "eq60": {
            "all": {
                "E_LW": 0.7574043695179772,
                "E_NET": 0.8013467159135598,
                "E_SW": 0.8060699894088879,
                "E_TCA": 0.6360767444935026,
                "E_ctpt": 0.7797845281187478
            },
            "lnd": {
                "E_LW": 0.6391972598289938,
                "E_NET": 0.7498957751549652,
                "E_SW": 0.685034902033363,
                "E_TCA": 0.3229263489737559,
                "E_ctpt": 0.6883825129769985
            },
            "ocn": {
                "E_LW": 0.6965615909922019,
                "E_NET": 0.7629371018254368,
                "E_SW": 0.7609782640515222,
                "E_TCA": 0.5321360331151509,
                "E_ctpt": 0.7239491415066671
            },
            "ocn_asc": {},
            "ocn_dsc": {}
        },
        "eq90": {
            "all": {
                "E_LW": 0.7607142515877399,
                "E_NET": 0.8228680745625828,
                "E_SW": 0.8167180776942076,
                "E_TCA": 0.6774247615073502,
                "E_ctpt": 0.8970212602701275
            },
            "lnd": {
                "E_LW": 0.6534829085575137,
                "E_NET": 0.7630638919497574,
                "E_SW": 0.6913630755953405,
                "E_TCA": 0.3374156867448678,
                "E_ctpt": 0.7849117890569486
            },
            "ocn": {
                "E_LW": 0.6869412664469757,
                "E_NET": 0.785254981364753,
                "E_SW": 0.7694308309622746,
                "E_TCA": 0.5389183961977155,
                "E_ctpt": 0.8299256116534937
            },
            "ocn_asc": {},
            "ocn_dsc": {}
        }
    },
    "HI680": {
        "30-60": {
            "all": {
                "E_LW": 1.0495580877852313,
                "E_NET": 1.10657714417059,
                "E_SW": 1.123885213769544,
                "E_TCA": 0.8619004231962398,
                "E_ctpt": 1.128601648002285
            },
            "lnd": {
                "E_LW": 0.5508230410379031,
                "E_NET": 0.509749406652296,
                "E_SW": 0.5241854417177941,
                "E_TCA": 0.2946563159414857,
                "E_ctpt": 0.5945219231131671
            },
            "ocn": {
                "E_LW": 0.9849432885751379,
                "E_NET": 1.0430285623928155,
                "E_SW": 1.0622467151848323,
                "E_TCA": 0.6953735573638178,
                "E_ctpt": 1.0593085511894107
            },
            "ocn_asc": {},
            "ocn_dsc": {}
        },
        "30-80": {
            "all": {
                "E_LW": 0.9956202111439663,
                "E_NET": 1.0302270837559462,
                "E_SW": 1.0516272998001597,
                "E_TCA": 0.8591879449584533,
                "E_ctpt": 1.1003980410162506
            },
            "lnd": {
                "E_LW": 0.6190831196592405,
                "E_NET": 0.53503909348117,
                "E_SW": 0.5285380742391055,
                "E_TCA": 0.3212182922170848,
                "E_ctpt": 0.7488217895976911
            },
            "ocn": {
                "E_LW": 0.8818242960862986,